Nombre,email,puntos
Kaye Potter,porta.elit.a@euplacerateget.edu,9695
Sydnee Fry,luctus@felispurus.ca,8182
Ella Barr,quis.pede.Praesent@magnaSuspendisse.net,8589
Phyllis Owen,congue@metus.org,8862
Macy Solomon,viverra@vehiculaPellentesquetincidunt.edu,3906
Molly Haley,ut.odio.vel@nuncsedpede.org,4491
Rae Tyler,ac.mi@erat.edu,4716
Sage Cain,non.arcu.Vivamus@sempertellus.com,8063
Indigo Craft,dui.augue.eu@iaculisquis.ca,9578
Shelby Blanchard,Quisque.purus.sapien@quis.net,2415
Ciara Christensen,ligula.Nullam.enim@dolor.org,8439
Angelica Gill,porttitor@Inatpede.org,3420
Jade Day,suscipit.est@idliberoDonec.co.uk,7823
Mallory Shields,ultrices@risus.co.uk,7208
Jade Sloan,adipiscing.elit@aodio.com,7036
Eden Horne,elit@varius.net,6468
Stephanie Vinson,ultrices.a.auctor@Cumsociis.net,4224
Ayanna Nelson,mauris@anteipsumprimis.co.uk,8967
Maisie Goodman,nunc@nislMaecenasmalesuada.net,6280
Clio Castaneda,iaculis@enimNunc.com,5398
Nita Fernandez,porttitor@acurnaUt.edu,3181
Zena Marshall,Proin.mi@magna.com,6913
Mariam Clements,risus.Donec.egestas@risusDuisa.net,8235
Kiayada Holloway,at.sem@Curabiturut.org,3075
Cherokee Turner,Integer.aliquam.adipiscing@diam.ca,1018
Raven Rush,per.conubia@estmollisnon.org,8976
Quail Juarez,tellus.id@sitamet.org,2134
Basia Joyner,velit.Quisque.varius@velitin.edu,6090
Rhonda Mcbride,tristique@Vestibulumaccumsanneque.co.uk,9105
Nevada Whitehead,semper.cursus.Integer@montesnasceturridiculus.ca,9511
Miranda Frederick,penatibus.et.magnis@erat.com,7433
Xyla Bruce,torquent@velfaucibusid.org,2518
Ignacia Kline,massa@nislsemconsequat.ca,6380
Selma Watts,urna.et@velit.org,3244
Martena Blair,Suspendisse.sed@Nuncullamcorpervelit.co.uk,3815
Mercedes Schneider,dolor.nonummy@nisiAeneaneget.co.uk,8350
Noelle Mckinney,luctus.lobortis@vitaenibhDonec.com,1908
Ima Duke,semper.egestas.urna@neque.co.uk,5929
Haley Ayers,in.tempus@ipsumSuspendissenon.net,5019
Maris Hood,nulla@vehiculaaliquet.org,1904
Joan England,placerat.augue@eleifendegestasSed.net,7720
Lila Marquez,Aliquam@Aliquamnec.ca,4128
Lila Osborn,aliquet@dignissim.co.uk,9708
Allegra Curry,Nulla.tincidunt.neque@diamnuncullamcorper.com,7957
September Sutton,pede@nullaIntegerurna.org,8271
Ria Hebert,nunc.est@Praesentinterdum.edu,5226
Adara Finch,pede.malesuada.vel@nasceturridiculus.org,1848
Ifeoma Farley,Quisque@ridiculus.edu,5915
Lillith Lambert,a@tellus.org,3055
Skyler Bright,vel.arcu.Curabitur@gravidanunc.net,4486
Taylor Wiggins,lectus@necligulaconsectetuer.ca,1844
Ifeoma Mcgee,id.ante@tempor.net,8805
Nell Fuentes,Suspendisse@aliquetmagnaa.edu,6309
Regan Pennington,a@laoreetlibero.net,4356
Ruth Vasquez,leo.elementum.sem@Integermollis.co.uk,4756
Penelope Farrell,bibendum.Donec@ipsumprimis.net,9412
Denise Christian,justo@velpede.org,2079
Rhoda Vega,molestie.tortor.nibh@luctus.net,8565
Madeline Watts,eu@lacusQuisque.com,2608
Ainsley Bradford,ac.mi.eleifend@Vivamus.ca,6996
Aspen Coffey,eget.venenatis@metus.ca,4438
Hanna Camacho,risus.Morbi.metus@Nuncpulvinararcu.net,3404
Zorita Huffman,nulla.ante.iaculis@bibendumDonec.co.uk,4892
Yvonne Murphy,ligula.Aliquam.erat@pedenonummyut.com,3689
Emily Trevino,in@scelerisque.org,3741
Haviva Cash,gravida.Aliquam.tincidunt@eratSed.com,9563
Cally Warren,Suspendisse.commodo@etnetus.net,4232
Rhoda Branch,magna.a@afelis.ca,1087
Iliana Kemp,semper.rutrum.Fusce@magnaLorem.org,9249
May Stanley,sapien@libero.net,1699
Hadley Woods,cursus.vestibulum@ligulaNullam.com,5424
Shelly Wilson,lectus.Nullam.suscipit@consectetueradipiscingelit.org,8661
Chastity Harrington,netus@massa.com,1751
Idola Long,Phasellus.nulla@Donecporttitor.com,6509
Vivian Logan,Maecenas.ornare@in.org,4670
Alexis Nolan,natoque.penatibus@ullamcorper.com,6758
Rhoda Byers,sit.amet.ante@Phaselluselit.edu,5783
Lydia Clay,eu.accumsan@necimperdiet.co.uk,9520
Lillith Harding,quis.arcu.vel@scelerisqueneque.org,2725
Mira Roth,mollis@Namnullamagna.com,5687
Brielle Mcleod,arcu.imperdiet.ullamcorper@aliquamiaculislacus.com,1374
Rowan Gay,vulputate@Nullam.net,5990
Breanna Harrison,pede.sagittis@Aeneanegetmetus.ca,3940
Melyssa Cochran,dolor@nislQuisquefringilla.edu,3102
Larissa Morton,enim.non@tristique.edu,1159
Mara Britt,dolor.vitae.dolor@orci.ca,6358
Iliana Downs,elementum@sollicitudin.org,9235
Xerxes Chambers,justo.eu@accumsansed.edu,2080
Colleen Perry,lacus@augue.ca,1505
Georgia Rose,ultrices.Vivamus.rhoncus@acmattissemper.net,4484
Lydia Mcfarland,enim.Sed.nulla@sempertellus.com,4369
May Wilkins,Integer@pedenec.co.uk,1175
Jillian Mullins,placerat.velit.Quisque@malesuadaut.ca,4435
Maya Hall,Cum.sociis@interdum.org,5319
Karina Barry,Nullam@eratEtiam.co.uk,4338
Hedwig Cardenas,In.at.pede@lectus.edu,4475
Shelby Jones,et.tristique@nonummyipsum.edu,6504
Angela Hayden,euismod@Quisque.net,3765
Raven Fischer,non@semmolestiesodales.edu,6801
Maisie Thompson,vehicula.risus@aliquetmetus.co.uk,4454